,Lamp5_Fam19a1,Lamp5_Krt73,Lamp5_Lhx6,Lamp5_Lsp1,Lamp5_Ntn1,Lamp5_Plch2,Pvalb_Akr1c18,Pvalb_Calb1,Pvalb_Gabrg1,Pvalb_Gpr149,Pvalb_Reln,Pvalb_Sema3e,Pvalb_Th,Pvalb_Tpbg,Pvalb_Vipr2,Serpinf1_Aqp5,Serpinf1_Clrn1,Sncg_Gpr50,Sncg_Slc17a8,Sncg_Vip,Sst_Calb2,Sst_Chodl,Sst_Chrna2,Sst_Crh,Sst_Crhr2,Sst_Esm1,Sst_Hpse,Sst_Mme,Sst_Myh8,Sst_Nr2f2,Sst_Nts,Sst_Rxfp1,Sst_Tac1,Sst_Tac2,Vip_Arhgap36,Vip_Chat,Vip_Col15a1,Vip_Crispld2,Vip_Gpc3,Vip_Igfbp4,Vip_Igfbp6,Vip_Lect1,Vip_Lmo1,Vip_Ptprt,Vip_Pygm,Vip_Rspo1,Vip_Rspo4
Lamp5_Fam19a1,0.0,0.0,0.0,0.0,0.2,0.0,0.0,0.0,0.0,0.0,0.0,0.0,0.0,0.0,0.0,0.0,0.0,0.0,0.0,0.0,0.0,0.0,0.0,0.0,0.0,0.0,0.0,0.0,0.0,0.0,0.0,0.0,0.2,0.0,0.0,0.0,0.0,0.2,0.0,0.0,0.0,0.0,0.2,0.0,0.0,0.0,0.2
Lamp5_Krt73,0.0,0.0,0.0,0.0,0.0,0.0,0.5,0.0,0.0,0.0,0.0,0.0,0.0,0.0,0.0,0.0,0.0,0.5,0.0,0.0,0.0,0.0,0.0,0.0,0.0,0.0,0.0,0.0,0.0,0.0,0.0,0.0,0.0,0.0,0.0,0.0,0.0,0.0,0.0,0.0,0.0,0.0,0.0,0.0,0.0,0.0,0.0
Lamp5_Lhx6,0.0,0.0,0.0,0.0,0.0,0.5,0.0,0.0,0.0,0.0,0.0,0.0,0.0,0.0,0.0,0.0,0.0,0.0,0.0,0.25,0.0,0.0,0.0,0.25,0.0,0.0,0.0,0.0,0.0,0.0,0.0,0.0,0.0,0.0,0.0,0.0,0.0,0.0,0.0,0.0,0.0,0.0,0.0,0.0,0.0,0.0,0.0
Lamp5_Lsp1,0.05,0.0,0.0,0.625,0.1,0.2,0.0,0.0,0.0,0.0,0.0,0.0,0.0,0.0,0.0,0.0,0.0,0.0,0.0,0.0,0.0,0.0,0.0,0.0,0.025,0.0,0.0,0.0,0.0,0.0,0.0,0.0,0.0,0.0,0.0,0.0,0.0,0.0,0.0,0.0,0.0,0.0,0.0,0.0,0.0,0.0,0.0
Lamp5_Ntn1,0.13333333333333333,0.06666666666666667,0.06666666666666667,0.3333333333333333,0.06666666666666667,0.2,0.0,0.0,0.0,0.0,0.0,0.0,0.0,0.0,0.0,0.0,0.0,0.0,0.0,0.0,0.0,0.0,0.0,0.0,0.0,0.06666666666666667,0.0,0.0,0.0,0.0,0.0,0.0,0.0,0.0,0.0,0.0,0.0,0.0,0.0,0.0,0.0,0.0,0.0,0.06666666666666667,0.0,0.0,0.0
Lamp5_Plch2,0.07142857142857142,0.0,0.0,0.39285714285714285,0.14285714285714285,0.25,0.0,0.0,0.0,0.0,0.0,0.0,0.0,0.0,0.0,0.0,0.0,0.0,0.0,0.0,0.0,0.0,0.0,0.0,0.0,0.0,0.0,0.0,0.0,0.0,0.0,0.0,0.0,0.0,0.0,0.0,0.0,0.0,0.03571428571428571,0.0,0.0,0.0,0.0,0.0,0.07142857142857142,0.0,0.03571428571428571
Pvalb_Akr1c18,0.0,0.0,0.0,0.0,0.0,0.0,0.3076923076923077,0.15384615384615385,0.0,0.07692307692307693,0.0,0.15384615384615385,0.07692307692307693,0.15384615384615385,0.07692307692307693,0.0,0.0,0.0,0.0,0.0,0.0,0.0,0.0,0.0,0.0,0.0,0.0,0.0,0.0,0.0,0.0,0.0,0.0,0.0,0.0,0.0,0.0,0.0,0.0,0.0,0.0,0.0,0.0,0.0,0.0,0.0,0.0
Pvalb_Calb1,0.0,0.0,0.125,0.0,0.0,0.0,0.125,0.0,0.0,0.0,0.25,0.125,0.0,0.125,0.125,0.0,0.0,0.0,0.0,0.0,0.0,0.0,0.0,0.0,0.0,0.0,0.0,0.0,0.0,0.0,0.0,0.0,0.125,0.0,0.0,0.0,0.0,0.0,0.0,0.0,0.0,0.0,0.0,0.0,0.0,0.0,0.0
Pvalb_Gabrg1,0.0,0.0,0.0,0.0,0.0,0.0,0.1111111111111111,0.1111111111111111,0.1111111111111111,0.0,0.0,0.0,0.0,0.0,0.2222222222222222,0.0,0.0,0.0,0.0,0.0,0.1111111111111111,0.0,0.0,0.1111111111111111,0.0,0.0,0.0,0.0,0.0,0.0,0.0,0.0,0.2222222222222222,0.0,0.0,0.0,0.0,0.0,0.0,0.0,0.0,0.0,0.0,0.0,0.0,0.0,0.0
Pvalb_Gpr149,0.0,0.0,0.0,0.0,0.0,0.0,0.4,0.0,0.0,0.2,0.0,0.0,0.2,0.2,0.0,0.0,0.0,0.0,0.0,0.0,0.0,0.0,0.0,0.0,0.0,0.0,0.0,0.0,0.0,0.0,0.0,0.0,0.0,0.0,0.0,0.0,0.0,0.0,0.0,0.0,0.0,0.0,0.0,0.0,0.0,0.0,0.0
Pvalb_Reln,0.0,0.0,0.0,0.0,0.0,0.0,0.14035087719298245,0.08771929824561403,0.017543859649122806,0.03508771929824561,0.10526315789473684,0.19298245614035087,0.017543859649122806,0.2631578947368421,0.10526315789473684,0.0,0.0,0.0,0.0,0.0,0.0,0.0,0.0,0.0,0.0,0.0,0.0,0.017543859649122806,0.0,0.0,0.0,0.017543859649122806,0.0,0.0,0.0,0.0,0.0,0.0,0.0,0.0,0.0,0.0,0.0,0.0,0.0,0.0,0.0
Pvalb_Sema3e,0.0,0.0,0.0,0.0,0.0,0.0,0.3055555555555556,0.0,0.0,0.0,0.1388888888888889,0.2777777777777778,0.05555555555555555,0.08333333333333333,0.08333333333333333,0.0,0.0,0.0,0.0,0.0,0.0,0.0,0.0,0.0,0.0,0.0,0.027777777777777776,0.0,0.0,0.0,0.0,0.0,0.027777777777777776,0.0,0.0,0.0,0.0,0.0,0.0,0.0,0.0,0.0,0.0,0.0,0.0,0.0,0.0
Pvalb_Th,0.0,0.0,0.0,0.0,0.0,0.0,0.18181818181818182,0.09090909090909091,0.0,0.0,0.0,0.0,0.18181818181818182,0.18181818181818182,0.0,0.0,0.0,0.0,0.0,0.0,0.0,0.0,0.0,0.0,0.0,0.0,0.18181818181818182,0.0,0.09090909090909091,0.09090909090909091,0.0,0.0,0.0,0.0,0.0,0.0,0.0,0.0,0.0,0.0,0.0,0.0,0.0,0.0,0.0,0.0,0.0
Pvalb_Tpbg,0.0,0.0,0.0,0.0,0.02857142857142857,0.0,0.0,0.08571428571428572,0.0,0.02857142857142857,0.2857142857142857,0.14285714285714285,0.0,0.2857142857142857,0.05714285714285714,0.0,0.0,0.0,0.0,0.0,0.0,0.0,0.0,0.0,0.0,0.0,0.0,0.0,0.0,0.0,0.0,0.02857142857142857,0.05714285714285714,0.0,0.0,0.0,0.0,0.0,0.0,0.0,0.0,0.0,0.0,0.0,0.0,0.0,0.0
Pvalb_Vipr2,0.0,0.0,0.0,0.0,0.0,0.0,0.0,0.2,0.0,0.0,0.4,0.2,0.0,0.0,0.2,0.0,0.0,0.0,0.0,0.0,0.0,0.0,0.0,0.0,0.0,0.0,0.0,0.0,0.0,0.0,0.0,0.0,0.0,0.0,0.0,0.0,0.0,0.0,0.0,0.0,0.0,0.0,0.0,0.0,0.0,0.0,0.0
Serpinf1_Aqp5,0.0,0.0,0.0,0.0,0.0,0.0,0.0,0.0,0.0,0.0,0.0,0.0,0.0,0.0,0.0,0.0,0.0,0.0,0.0,0.0,0.0,0.0,0.0,0.0,0.0,0.0,0.0,0.0,0.0,0.0,0.0,0.0,0.0,0.0,0.0,0.42857142857142855,0.0,0.0,0.0,0.0,0.0,0.0,0.14285714285714285,0.0,0.14285714285714285,0.14285714285714285,0.14285714285714285
Serpinf1_Clrn1,0.0,0.0,0.0,0.0,0.0,0.0,0.0,0.0,0.0,0.0,0.0,0.0,0.0,0.0,0.0,0.0,0.0,0.0,0.0,0.0,0.0,0.0,0.0,0.0,0.0,0.0,0.0,0.0,0.0,0.0,0.0,0.0,0.0,0.0,0.0,0.0,0.0,0.0,0.0,0.0,0.0,0.0,1.0,0.0,0.0,0.0,0.0
Sncg_Gpr50,0.0,0.0,0.0,0.0,0.0,0.0,0.0,0.0,0.0,0.0,0.0,0.0,0.0,0.0,0.0,0.0,0.0,0.5,0.0,0.1,0.0,0.0,0.0,0.0,0.0,0.0,0.0,0.0,0.2,0.0,0.0,0.0,0.0,0.0,0.0,0.0,0.1,0.1,0.0,0.0,0.0,0.0,0.0,0.0,0.0,0.0,0.0
Sncg_Slc17a8,0.0,0.0,0.0,0.0,0.0,0.0,0.0,0.0,0.0,0.0,0.0,0.0,0.0,0.0,0.0,0.0,0.0,0.0,0.0,0.0,0.0,0.0,0.0,0.0,0.0,0.0,0.5,0.0,0.0,0.0,0.0,0.0,0.0,0.0,0.0,0.0,0.0,0.0,0.0,0.0,0.0,0.0,0.0,0.5,0.0,0.0,0.0
Sncg_Vip,0.02857142857142857,0.0,0.0,0.0,0.08571428571428572,0.02857142857142857,0.0,0.0,0.0,0.0,0.0,0.0,0.0,0.0,0.0,0.0,0.0,0.05714285714285714,0.05714285714285714,0.2571428571428571,0.0,0.02857142857142857,0.0,0.05714285714285714,0.0,0.0,0.0,0.0,0.08571428571428572,0.0,0.0,0.0,0.0,0.02857142857142857,0.02857142857142857,0.02857142857142857,0.05714285714285714,0.0,0.0,0.0,0.0,0.05714285714285714,0.02857142857142857,0.0,0.05714285714285714,0.0,0.02857142857142857
Sst_Calb2,0.0,0.0,0.0,0.015384615384615385,0.0,0.0,0.015384615384615385,0.015384615384615385,0.03076923076923077,0.0,0.0,0.015384615384615385,0.046153846153846156,0.0,0.0,0.0,0.0,0.03076923076923077,0.0,0.046153846153846156,0.18461538461538463,0.0,0.03076923076923077,0.03076923076923077,0.03076923076923077,0.015384615384615385,0.046153846153846156,0.0,0.06153846153846154,0.13846153846153847,0.0,0.06153846153846154,0.03076923076923077,0.015384615384615385,0.0,0.015384615384615385,0.015384615384615385,0.07692307692307693,0.0,0.0,0.0,0.0,0.03076923076923077,0.0,0.0,0.0,0.0
Sst_Chodl,0.07692307692307693,0.0,0.0,0.0,0.0,0.0,0.0,0.0,0.0,0.0,0.0,0.0,0.0,0.0,0.0,0.15384615384615385,0.0,0.07692307692307693,0.0,0.15384615384615385,0.0,0.19230769230769232,0.0,0.0,0.0,0.0,0.0,0.0,0.0,0.0,0.0,0.0,0.0,0.0,0.07692307692307693,0.11538461538461539,0.038461538461538464,0.0,0.0,0.0,0.0,0.0,0.038461538461538464,0.0,0.07692307692307693,0.0,0.0
Sst_Chrna2,0.0,0.0,0.0,0.0,0.0,0.0,0.0,0.0,0.0,0.0,0.0,0.0,0.0,0.0,0.0,0.0,0.0,0.16666666666666666,0.0,0.0,0.16666666666666666,0.16666666666666666,0.16666666666666666,0.0,0.0,0.0,0.0,0.0,0.16666666666666666,0.0,0.0,0.0,0.0,0.0,0.0,0.0,0.0,0.0,0.0,0.0,0.0,0.0,0.16666666666666666,0.0,0.0,0.0,0.0
Sst_Crh,0.0,0.0,0.0,0.0,0.0,0.0,0.0,0.0,0.0,0.0,0.1111111111111111,0.0,0.1111111111111111,0.0,0.0,0.0,0.0,0.0,0.0,0.0,0.0,0.0,0.0,0.0,0.0,0.0,0.1111111111111111,0.0,0.1111111111111111,0.0,0.0,0.3333333333333333,0.0,0.0,0.0,0.0,0.0,0.0,0.0,0.0,0.0,0.1111111111111111,0.0,0.0,0.1111111111111111,0.0,0.0
Sst_Crhr2,0.043478260869565216,0.0,0.0,0.0,0.0,0.0,0.0,0.0,0.043478260869565216,0.0,0.0,0.0,0.17391304347826086,0.0,0.0,0.0,0.0,0.043478260869565216,0.0,0.0,0.043478260869565216,0.0,0.0,0.0,0.08695652173913043,0.043478260869565216,0.043478260869565216,0.08695652173913043,0.0,0.0,0.0,0.13043478260869565,0.0,0.043478260869565216,0.0,0.0,0.0,0.043478260869565216,0.0,0.0,0.0,0.0,0.08695652173913043,0.043478260869565216,0.0,0.0,0.043478260869565216
Sst_Esm1,0.0,0.0,0.0,0.0,0.034482758620689655,0.0,0.0,0.0,0.0,0.0,0.0,0.0,0.0,0.0,0.0,0.0,0.034482758620689655,0.06896551724137931,0.0,0.1724137931034483,0.0,0.034482758620689655,0.0,0.034482758620689655,0.0,0.0,0.0,0.0,0.0,0.0,0.0,0.06896551724137931,0.0,0.06896551724137931,0.0,0.06896551724137931,0.06896551724137931,0.0,0.0,0.034482758620689655,0.0,0.034482758620689655,0.1724137931034483,0.06896551724137931,0.034482758620689655,0.0,0.0
Sst_Hpse,0.0,0.0,0.0,0.0,0.0,0.0,0.047619047619047616,0.015873015873015872,0.0,0.015873015873015872,0.031746031746031744,0.0,0.09523809523809523,0.0,0.015873015873015872,0.015873015873015872,0.0,0.015873015873015872,0.0,0.0,0.015873015873015872,0.015873015873015872,0.031746031746031744,0.031746031746031744,0.015873015873015872,0.0,0.47619047619047616,0.0,0.031746031746031744,0.015873015873015872,0.015873015873015872,0.031746031746031744,0.0,0.0,0.0,0.0,0.0,0.0,0.0,0.0,0.015873015873015872,0.0,0.015873015873015872,0.015873015873015872,0.0,0.0,0.015873015873015872
Sst_Mme,0.0,0.0,0.0,0.0,0.0,0.0,0.0,0.07692307692307693,0.07692307692307693,0.0,0.23076923076923078,0.0,0.15384615384615385,0.0,0.0,0.0,0.0,0.0,0.0,0.0,0.0,0.0,0.0,0.0,0.0,0.0,0.23076923076923078,0.07692307692307693,0.0,0.0,0.0,0.0,0.0,0.07692307692307693,0.0,0.0,0.0,0.0,0.0,0.0,0.07692307692307693,0.0,0.0,0.0,0.0,0.0,0.0
Sst_Myh8,0.0,0.0,0.0,0.0,0.0,0.0,0.0,0.0,0.06666666666666667,0.0,0.0,0.0,0.0,0.0,0.0,0.0,0.0,0.13333333333333333,0.0,0.06666666666666667,0.06666666666666667,0.0,0.13333333333333333,0.0,0.06666666666666667,0.0,0.0,0.0,0.2,0.0,0.0,0.0,0.13333333333333333,0.0,0.0,0.0,0.0,0.06666666666666667,0.0,0.0,0.0,0.0,0.06666666666666667,0.0,0.0,0.0,0.0
Sst_Nr2f2,0.0,0.0,0.0,0.0,0.0,0.0,0.0,0.0,0.0,0.125,0.0,0.0,0.125,0.0,0.0,0.0,0.0,0.125,0.0,0.0,0.0,0.0,0.125,0.0,0.0,0.0,0.25,0.0,0.0,0.0,0.0,0.125,0.0,0.0,0.0,0.0,0.0,0.125,0.0,0.0,0.0,0.0,0.0,0.0,0.0,0.0,0.0
Sst_Nts,0.0,0.0,0.0,0.0,0.0,0.0,0.0,0.0,0.0,0.0,0.0,0.0,0.0,0.0,0.0,0.0,0.0,0.1111111111111111,0.0,0.1111111111111111,0.0,0.0,0.0,0.0,0.1111111111111111,0.0,0.0,0.0,0.1111111111111111,0.1111111111111111,0.0,0.1111111111111111,0.0,0.0,0.0,0.0,0.1111111111111111,0.0,0.0,0.0,0.0,0.0,0.2222222222222222,0.0,0.0,0.0,0.0
Sst_Rxfp1,0.0,0.0,0.0,0.0,0.0,0.0,0.02127659574468085,0.0,0.0425531914893617,0.0,0.0,0.0,0.02127659574468085,0.0,0.0,0.0,0.0,0.0,0.0,0.0425531914893617,0.1276595744680851,0.0,0.0,0.0425531914893617,0.0425531914893617,0.0,0.02127659574468085,0.0,0.0,0.02127659574468085,0.02127659574468085,0.2127659574468085,0.0425531914893617,0.02127659574468085,0.0,0.0,0.0,0.10638297872340426,0.0,0.0425531914893617,0.0,0.0425531914893617,0.0425531914893617,0.0425531914893617,0.02127659574468085,0.0,0.02127659574468085
Sst_Tac1,0.0,0.0,0.045454545454545456,0.0,0.0,0.0,0.045454545454545456,0.0,0.045454545454545456,0.0,0.0,0.045454545454545456,0.13636363636363635,0.045454545454545456,0.045454545454545456,0.0,0.045454545454545456,0.0,0.0,0.045454545454545456,0.045454545454545456,0.0,0.0,0.0,0.13636363636363635,0.0,0.045454545454545456,0.0,0.045454545454545456,0.045454545454545456,0.0,0.09090909090909091,0.09090909090909091,0.0,0.0,0.0,0.0,0.0,0.0,0.0,0.0,0.0,0.0,0.0,0.0,0.0,0.0
Sst_Tac2,0.0,0.0,0.0,0.0,0.0,0.0,0.0,0.0,0.03571428571428571,0.0,0.0,0.0,0.03571428571428571,0.0,0.0,0.0,0.03571428571428571,0.03571428571428571,0.0,0.10714285714285714,0.07142857142857142,0.0,0.0,0.0,0.0,0.03571428571428571,0.07142857142857142,0.0,0.0,0.0,0.0,0.07142857142857142,0.0,0.21428571428571427,0.0,0.07142857142857142,0.0,0.03571428571428571,0.0,0.0,0.0,0.0,0.07142857142857142,0.03571428571428571,0.0,0.0,0.07142857142857142
Vip_Arhgap36,0.0,0.0,0.0,0.0,0.0,0.0,0.0,0.0,0.0,0.0,0.0,0.0,0.0,0.0,0.0,0.25,0.0,0.0,0.0,0.0,0.0,0.0,0.0,0.0,0.0,0.0,0.0,0.0,0.0,0.0,0.0,0.0,0.0,0.0,0.5,0.0,0.0,0.0,0.125,0.0,0.0,0.0,0.125,0.0,0.0,0.0,0.0
Vip_Chat,0.0,0.0,0.0,0.0,0.0,0.08333333333333333,0.0,0.0,0.0,0.0,0.0,0.0,0.0,0.0,0.0,0.0,0.0,0.0,0.0,0.16666666666666666,0.0,0.08333333333333333,0.0,0.0,0.0,0.0,0.08333333333333333,0.0,0.0,0.0,0.0,0.0,0.0,0.0,0.08333333333333333,0.25,0.16666666666666666,0.0,0.0,0.0,0.0,0.0,0.0,0.0,0.0,0.0,0.08333333333333333
Vip_Col15a1,0.0,0.0,0.0,0.0,0.0,0.0,0.0,0.0,0.0,0.0,0.0,0.0,0.0,0.0,0.0,0.0,0.0,0.0,0.0,0.2727272727272727,0.0,0.09090909090909091,0.0,0.0,0.0,0.0,0.0,0.0,0.09090909090909091,0.09090909090909091,0.0,0.09090909090909091,0.0,0.0,0.0,0.18181818181818182,0.0,0.0,0.0,0.0,0.0,0.0,0.0,0.09090909090909091,0.09090909090909091,0.0,0.0
Vip_Crispld2,0.0,0.0,0.0,0.0,0.0,0.0,0.0,0.03225806451612903,0.0,0.0,0.0,0.0,0.0,0.0,0.0,0.03225806451612903,0.0,0.0,0.0,0.0,0.22580645161290322,0.0,0.0,0.06451612903225806,0.03225806451612903,0.0967741935483871,0.0,0.0,0.0,0.06451612903225806,0.0,0.03225806451612903,0.06451612903225806,0.03225806451612903,0.0,0.0,0.0,0.16129032258064516,0.0,0.0,0.0,0.06451612903225806,0.03225806451612903,0.06451612903225806,0.0,0.0,0.0
Vip_Gpc3,0.0,0.0,0.0,0.0,0.0,0.0,0.0,0.0,0.0,0.0,0.0,0.0,0.0,0.0,0.0,0.0,0.0,0.0,0.0,0.0,0.0,0.0,0.0,0.0,0.0,0.0,0.0,0.0,0.25,0.0,0.0,0.0,0.0,0.0,0.25,0.0,0.0,0.0,0.0,0.25,0.0,0.0,0.0,0.0,0.25,0.0,0.0
Vip_Igfbp4,0.0,0.0,0.25,0.0,0.0,0.0,0.0,0.0,0.0,0.0,0.0,0.0,0.0,0.0,0.0,0.0,0.0,0.0,0.0,0.0,0.0,0.0,0.0,0.0,0.0,0.0,0.0,0.0,0.0,0.0,0.0,0.0,0.0,0.0,0.0,0.0,0.0,0.0,0.0,0.25,0.0,0.0,0.0,0.0,0.0,0.0,0.5
Vip_Igfbp6,0.0,0.0,0.0,0.0,0.0,0.0,0.0,0.0,0.0,0.0,0.0,0.0,0.0,0.0,0.0,0.0,0.0,1.0,0.0,0.0,0.0,0.0,0.0,0.0,0.0,0.0,0.0,0.0,0.0,0.0,0.0,0.0,0.0,0.0,0.0,0.0,0.0,0.0,0.0,0.0,0.0,0.0,0.0,0.0,0.0,0.0,0.0
Vip_Lect1,0.0,0.0,0.0,0.0,0.16666666666666666,0.0,0.0,0.0,0.0,0.0,0.0,0.0,0.0,0.0,0.0,0.0,0.0,0.0,0.0,0.0,0.5,0.0,0.0,0.0,0.0,0.0,0.0,0.0,0.0,0.0,0.0,0.0,0.16666666666666666,0.0,0.0,0.0,0.0,0.0,0.0,0.0,0.0,0.0,0.0,0.0,0.16666666666666666,0.0,0.0
Vip_Lmo1,0.0,0.0,0.0,0.0,0.0,0.0,0.0,0.0,0.0,0.0,0.0,0.0,0.0,0.0,0.0,0.038461538461538464,0.038461538461538464,0.038461538461538464,0.0,0.07692307692307693,0.0,0.0,0.0,0.038461538461538464,0.038461538461538464,0.07692307692307693,0.038461538461538464,0.038461538461538464,0.07692307692307693,0.0,0.0,0.07692307692307693,0.0,0.11538461538461539,0.038461538461538464,0.038461538461538464,0.0,0.038461538461538464,0.0,0.0,0.0,0.0,0.11538461538461539,0.07692307692307693,0.0,0.0,0.0
Vip_Ptprt,0.0,0.0,0.0,0.0,0.07692307692307693,0.0,0.0,0.0,0.0,0.0,0.0,0.0,0.0,0.0,0.0,0.0,0.0,0.038461538461538464,0.0,0.038461538461538464,0.0,0.038461538461538464,0.0,0.0,0.0,0.0,0.0,0.0,0.0,0.0,0.0,0.038461538461538464,0.0,0.0,0.07692307692307693,0.07692307692307693,0.07692307692307693,0.0,0.0,0.0,0.0,0.0,0.038461538461538464,0.3076923076923077,0.11538461538461539,0.0,0.07692307692307693
Vip_Pygm,0.0,0.0,0.05,0.0,0.1,0.05,0.0,0.0,0.0,0.0,0.0,0.0,0.0,0.0,0.0,0.0,0.0,0.05,0.0,0.1,0.0,0.0,0.0,0.0,0.0,0.1,0.0,0.0,0.05,0.0,0.0,0.0,0.0,0.0,0.05,0.1,0.05,0.0,0.05,0.0,0.0,0.0,0.05,0.1,0.1,0.0,0.0
Vip_Rspo1,0.0,0.0,0.0,0.0,0.0,0.0,0.0,0.0,0.0,0.0,0.0,0.0,0.0,0.0,0.0,0.5,0.0,0.0,0.0,0.5,0.0,0.0,0.0,0.0,0.0,0.0,0.0,0.0,0.0,0.0,0.0,0.0,0.0,0.0,0.0,0.0,0.0,0.0,0.0,0.0,0.0,0.0,0.0,0.0,0.0,0.0,0.0
Vip_Rspo4,0.0,0.0,0.1111111111111111,0.0,0.0,0.0,0.0,0.0,0.0,0.0,0.0,0.0,0.0,0.0,0.0,0.0,0.0,0.0,0.0,0.1111111111111111,0.0,0.0,0.0,0.0,0.0,0.1111111111111111,0.0,0.0,0.0,0.0,0.0,0.0,0.0,0.0,0.0,0.1111111111111111,0.1111111111111111,0.0,0.0,0.0,0.0,0.0,0.0,0.1111111111111111,0.1111111111111111,0.0,0.2222222222222222
